{"cameraMode":{"drawMode":0,"name":"Shaded","section":"Shading Mode"},"sceneLighting":false,"audioPlay":false,"sceneViewState":{"m_AlwaysRefresh":false,"showFog":true,"showSkybox":true,"showFlares":true,"showImageEffects":true,"showParticleSystems":true,"showVisualEffectGraphs":true,"m_FxEnabled":true},"in2DMode":false,"pivot":{"x":13.850005149841309,"y":3.823723316192627,"z":4.643962860107422},"rotation":{"x":0.008655195124447346,"y":0.9831641912460327,"z":-0.0475202240049839,"w":0.17739242315292359},"size":15.281384468078614,"orthographic":false}