{"cameraMode":{"drawMode":0,"name":"Shaded","section":"Shading Mode"},"sceneLighting":false,"audioPlay":false,"sceneViewState":{"m_AlwaysRefresh":false,"showFog":true,"showSkybox":true,"showFlares":true,"showImageEffects":true,"showParticleSystems":true,"showVisualEffectGraphs":true,"m_FxEnabled":true},"in2DMode":false,"pivot":{"x":0.08901923894882202,"y":0.9951386451721191,"z":-1.0499670505523682},"rotation":{"x":-0.04450570419430733,"y":0.9533876180648804,"z":-0.1752871572971344,"w":-0.24241729080677033},"size":2.373802900314331,"orthographic":false}